dosya,otel,kat,oda_no,url
Merit_Royal_Diamond_1._KAT_Oda1101_QR.svg,Merit Royal Diamond 1.,1. KAT,1101,
Merit_Royal_Diamond_1._KAT_Oda1102_QR.svg,Merit Royal Diamond 1.,1. KAT,1102,
Merit_Royal_Diamond_1._KAT_Oda1103_QR.svg,Merit Royal Diamond 1.,1. KAT,1103,
Merit_Royal_Diamond_1._KAT_Oda1104_QR.svg,Merit Royal Diamond 1.,1. KAT,1104,
Merit_Royal_Diamond_1._KAT_Oda1105_QR.svg,Merit Royal Diamond 1.,1. KAT,1105,
Merit_Royal_Diamond_1._KAT_Oda1106_QR.svg,Merit Royal Diamond 1.,1. KAT,1106,
Merit_Royal_Diamond_1._KAT_Oda1107_QR.svg,Merit Royal Diamond 1.,1. KAT,1107,
Merit_Royal_Diamond_1._KAT_Oda1108_QR.svg,Merit Royal Diamond 1.,1. KAT,1108,
Merit_Royal_Diamond_1._KAT_Oda1109_QR.svg,Merit Royal Diamond 1.,1. KAT,1109,
Merit_Royal_Diamond_1._KAT_Oda1110_QR.svg,Merit Royal Diamond 1.,1. KAT,1110,
Merit_Royal_Diamond_1._KAT_Oda1111_QR.svg,Merit Royal Diamond 1.,1. KAT,1111,
Merit_Royal_Diamond_1._KAT_Oda1112_QR.svg,Merit Royal Diamond 1.,1. KAT,1112,
Merit_Royal_Diamond_1._KAT_Oda1113_QR.svg,Merit Royal Diamond 1.,1. KAT,1113,
Merit_Royal_Diamond_1._KAT_Oda1114_QR.svg,Merit Royal Diamond 1.,1. KAT,1114,
Merit_Royal_Diamond_1._KAT_Oda1115_QR.svg,Merit Royal Diamond 1.,1. KAT,1115,
Merit_Royal_Diamond_1._KAT_Oda1116_QR.svg,Merit Royal Diamond 1.,1. KAT,1116,
Merit_Royal_Diamond_1._KAT_Oda1117_QR.svg,Merit Royal Diamond 1.,1. KAT,1117,
Merit_Royal_Diamond_1._KAT_Oda1118_QR.svg,Merit Royal Diamond 1.,1. KAT,1118,
Merit_Royal_Diamond_1._KAT_Oda1119_QR.svg,Merit Royal Diamond 1.,1. KAT,1119,
Merit_Royal_Diamond_1._KAT_Oda1120_QR.svg,Merit Royal Diamond 1.,1. KAT,1120,
Merit_Royal_Diamond_1._KAT_Oda1121_QR.svg,Merit Royal Diamond 1.,1. KAT,1121,
Merit_Royal_Diamond_1._KAT_Oda1122_QR.svg,Merit Royal Diamond 1.,1. KAT,1122,
Merit_Royal_Diamond_1._KAT_Oda1123_QR.svg,Merit Royal Diamond 1.,1. KAT,1123,
Merit_Royal_Diamond_1._KAT_Oda1124_QR.svg,Merit Royal Diamond 1.,1. KAT,1124,
Merit_Royal_Diamond_1._KAT_Oda1126_QR.svg,Merit Royal Diamond 1.,1. KAT,1126,
Merit_Royal_Diamond_1._KAT_Oda1128_QR.svg,Merit Royal Diamond 1.,1. KAT,1128,
Merit_Royal_Diamond_1._KAT_Oda1129_QR.svg,Merit Royal Diamond 1.,1. KAT,1129,
Merit_Royal_Diamond_1._KAT_Oda1130_QR.svg,Merit Royal Diamond 1.,1. KAT,1130,
Merit_Royal_Diamond_1._KAT_Oda1131_QR.svg,Merit Royal Diamond 1.,1. KAT,1131,
Merit_Royal_Diamond_1._KAT_Oda1132_QR.svg,Merit Royal Diamond 1.,1. KAT,1132,
Merit_Royal_Diamond_1._KAT_Oda1133_QR.svg,Merit Royal Diamond 1.,1. KAT,1133,
Merit_Royal_Diamond_1._KAT_Oda1134_QR.svg,Merit Royal Diamond 1.,1. KAT,1134,
Merit_Royal_Diamond_1._KAT_Oda1135_QR.svg,Merit Royal Diamond 1.,1. KAT,1135,
Merit_Royal_Diamond_1._KAT_Oda1136_QR.svg,Merit Royal Diamond 1.,1. KAT,1136,
Merit_Royal_Diamond_1._KAT_Oda1137_QR.svg,Merit Royal Diamond 1.,1. KAT,1137,
Merit_Royal_Diamond_1._KAT_Oda1138_QR.svg,Merit Royal Diamond 1.,1. KAT,1138,
Merit_Royal_Diamond_1._KAT_Oda1139_QR.svg,Merit Royal Diamond 1.,1. KAT,1139,
Merit_Royal_Diamond_1._KAT_Oda1140_QR.svg,Merit Royal Diamond 1.,1. KAT,1140,
Merit_Royal_Diamond_1._KAT_Oda1141_QR.svg,Merit Royal Diamond 1.,1. KAT,1141,
Merit_Royal_Diamond_1._KAT_Oda1142_QR.svg,Merit Royal Diamond 1.,1. KAT,1142,
Merit_Royal_Diamond_1._KAT_Oda1143_QR.svg,Merit Royal Diamond 1.,1. KAT,1143,
Merit_Royal_Diamond_1._KAT_Oda1145_QR.svg,Merit Royal Diamond 1.,1. KAT,1145,
Merit_Royal_Diamond_1._KAT_Oda1146_QR.svg,Merit Royal Diamond 1.,1. KAT,1146,
Merit_Royal_Diamond_1._KAT_Oda1147_QR.svg,Merit Royal Diamond 1.,1. KAT,1147,
Merit_Royal_Diamond_1._KAT_Oda1148_QR.svg,Merit Royal Diamond 1.,1. KAT,1148,
Merit_Royal_Diamond_1._KAT_Oda1149_QR.svg,Merit Royal Diamond 1.,1. KAT,1149,
Merit_Royal_Diamond_1._KAT_Oda1150_QR.svg,Merit Royal Diamond 1.,1. KAT,1150,
Merit_Royal_Diamond_1._KAT_Oda1151_QR.svg,Merit Royal Diamond 1.,1. KAT,1151,
Merit_Royal_Diamond_1._KAT_Oda1152_QR.svg,Merit Royal Diamond 1.,1. KAT,1152,
Merit_Royal_Diamond_1._KAT_Oda1153_QR.svg,Merit Royal Diamond 1.,1. KAT,1153,
Merit_Royal_Diamond_1._KAT_Oda1154_QR.svg,Merit Royal Diamond 1.,1. KAT,1154,
Merit_Royal_Diamond_1._KAT_Oda1156_QR.svg,Merit Royal Diamond 1.,1. KAT,1156,
Merit_Royal_Diamond_1._KAT_Oda1158_QR.svg,Merit Royal Diamond 1.,1. KAT,1158,
Merit_Royal_Diamond_1._KAT_Oda1159_QR.svg,Merit Royal Diamond 1.,1. KAT,1159,
Merit_Royal_Diamond_1._KAT_Oda1160_QR.svg,Merit Royal Diamond 1.,1. KAT,1160,
Merit_Royal_Diamond_1._KAT_Oda1161_QR.svg,Merit Royal Diamond 1.,1. KAT,1161,
Merit_Royal_Diamond_1._KAT_Oda1162_QR.svg,Merit Royal Diamond 1.,1. KAT,1162,
Merit_Royal_Diamond_2._KAT_Oda1201_QR.svg,Merit Royal Diamond 2.,2. KAT,1201,
Merit_Royal_Diamond_2._KAT_Oda1202_QR.svg,Merit Royal Diamond 2.,2. KAT,1202,
Merit_Royal_Diamond_2._KAT_Oda1203_QR.svg,Merit Royal Diamond 2.,2. KAT,1203,
Merit_Royal_Diamond_2._KAT_Oda1204_QR.svg,Merit Royal Diamond 2.,2. KAT,1204,
Merit_Royal_Diamond_2._KAT_Oda1205_QR.svg,Merit Royal Diamond 2.,2. KAT,1205,
Merit_Royal_Diamond_2._KAT_Oda1206_QR.svg,Merit Royal Diamond 2.,2. KAT,1206,
Merit_Royal_Diamond_2._KAT_Oda1207_QR.svg,Merit Royal Diamond 2.,2. KAT,1207,
Merit_Royal_Diamond_2._KAT_Oda1208_QR.svg,Merit Royal Diamond 2.,2. KAT,1208,
Merit_Royal_Diamond_2._KAT_Oda1209_QR.svg,Merit Royal Diamond 2.,2. KAT,1209,
Merit_Royal_Diamond_2._KAT_Oda1210_QR.svg,Merit Royal Diamond 2.,2. KAT,1210,
Merit_Royal_Diamond_2._KAT_Oda1211_QR.svg,Merit Royal Diamond 2.,2. KAT,1211,
Merit_Royal_Diamond_2._KAT_Oda1212_QR.svg,Merit Royal Diamond 2.,2. KAT,1212,
Merit_Royal_Diamond_2._KAT_Oda1213_QR.svg,Merit Royal Diamond 2.,2. KAT,1213,
Merit_Royal_Diamond_2._KAT_Oda1214_QR.svg,Merit Royal Diamond 2.,2. KAT,1214,
Merit_Royal_Diamond_2._KAT_Oda1215_QR.svg,Merit Royal Diamond 2.,2. KAT,1215,
Merit_Royal_Diamond_2._KAT_Oda1216_QR.svg,Merit Royal Diamond 2.,2. KAT,1216,
Merit_Royal_Diamond_2._KAT_Oda1217_QR.svg,Merit Royal Diamond 2.,2. KAT,1217,
Merit_Royal_Diamond_2._KAT_Oda1218_QR.svg,Merit Royal Diamond 2.,2. KAT,1218,
Merit_Royal_Diamond_2._KAT_Oda1219_QR.svg,Merit Royal Diamond 2.,2. KAT,1219,
Merit_Royal_Diamond_2._KAT_Oda1220_QR.svg,Merit Royal Diamond 2.,2. KAT,1220,
Merit_Royal_Diamond_2._KAT_Oda1221_QR.svg,Merit Royal Diamond 2.,2. KAT,1221,
Merit_Royal_Diamond_2._KAT_Oda1222_QR.svg,Merit Royal Diamond 2.,2. KAT,1222,
Merit_Royal_Diamond_2._KAT_Oda1223_QR.svg,Merit Royal Diamond 2.,2. KAT,1223,
Merit_Royal_Diamond_2._KAT_Oda1224_QR.svg,Merit Royal Diamond 2.,2. KAT,1224,
Merit_Royal_Diamond_2._KAT_Oda1226_QR.svg,Merit Royal Diamond 2.,2. KAT,1226,
Merit_Royal_Diamond_2._KAT_Oda1228_QR.svg,Merit Royal Diamond 2.,2. KAT,1228,
Merit_Royal_Diamond_2._KAT_Oda1229_QR.svg,Merit Royal Diamond 2.,2. KAT,1229,
Merit_Royal_Diamond_2._KAT_Oda1230_QR.svg,Merit Royal Diamond 2.,2. KAT,1230,
Merit_Royal_Diamond_2._KAT_Oda1231_QR.svg,Merit Royal Diamond 2.,2. KAT,1231,
Merit_Royal_Diamond_2._KAT_Oda1233_QR.svg,Merit Royal Diamond 2.,2. KAT,1233,
Merit_Royal_Diamond_2._KAT_Oda1235_QR.svg,Merit Royal Diamond 2.,2. KAT,1235,
Merit_Royal_Diamond_2._KAT_Oda1236_QR.svg,Merit Royal Diamond 2.,2. KAT,1236,
Merit_Royal_Diamond_2._KAT_Oda1237_QR.svg,Merit Royal Diamond 2.,2. KAT,1237,
Merit_Royal_Diamond_2._KAT_Oda1238_QR.svg,Merit Royal Diamond 2.,2. KAT,1238,
Merit_Royal_Diamond_2._KAT_Oda1239_QR.svg,Merit Royal Diamond 2.,2. KAT,1239,
Merit_Royal_Diamond_2._KAT_Oda1240_QR.svg,Merit Royal Diamond 2.,2. KAT,1240,
Merit_Royal_Diamond_2._KAT_Oda1241_QR.svg,Merit Royal Diamond 2.,2. KAT,1241,
Merit_Royal_Diamond_2._KAT_Oda1242_QR.svg,Merit Royal Diamond 2.,2. KAT,1242,
Merit_Royal_Diamond_2._KAT_Oda1243_QR.svg,Merit Royal Diamond 2.,2. KAT,1243,
Merit_Royal_Diamond_2._KAT_Oda1245_QR.svg,Merit Royal Diamond 2.,2. KAT,1245,
Merit_Royal_Diamond_2._KAT_Oda1246_QR.svg,Merit Royal Diamond 2.,2. KAT,1246,
Merit_Royal_Diamond_2._KAT_Oda1247_QR.svg,Merit Royal Diamond 2.,2. KAT,1247,
Merit_Royal_Diamond_2._KAT_Oda1248_QR.svg,Merit Royal Diamond 2.,2. KAT,1248,
Merit_Royal_Diamond_2._KAT_Oda1249_QR.svg,Merit Royal Diamond 2.,2. KAT,1249,
Merit_Royal_Diamond_2._KAT_Oda1250_QR.svg,Merit Royal Diamond 2.,2. KAT,1250,
Merit_Royal_Diamond_2._KAT_Oda1251_QR.svg,Merit Royal Diamond 2.,2. KAT,1251,
Merit_Royal_Diamond_2._KAT_Oda1252_QR.svg,Merit Royal Diamond 2.,2. KAT,1252,
Merit_Royal_Diamond_2._KAT_Oda1253_QR.svg,Merit Royal Diamond 2.,2. KAT,1253,
Merit_Royal_Diamond_2._KAT_Oda1254_QR.svg,Merit Royal Diamond 2.,2. KAT,1254,
Merit_Royal_Diamond_2._KAT_Oda1256_QR.svg,Merit Royal Diamond 2.,2. KAT,1256,
Merit_Royal_Diamond_2._KAT_Oda1258_QR.svg,Merit Royal Diamond 2.,2. KAT,1258,
Merit_Royal_Diamond_2._KAT_Oda1259_QR.svg,Merit Royal Diamond 2.,2. KAT,1259,
Merit_Royal_Diamond_2._KAT_Oda1260_QR.svg,Merit Royal Diamond 2.,2. KAT,1260,
Merit_Royal_Diamond_2._KAT_Oda1261_QR.svg,Merit Royal Diamond 2.,2. KAT,1261,
Merit_Royal_Diamond_2._KAT_Oda1262_QR.svg,Merit Royal Diamond 2.,2. KAT,1262,
Merit_Royal_Diamond_3._KAT_Oda1301_QR.svg,Merit Royal Diamond 3.,3. KAT,1301,
Merit_Royal_Diamond_3._KAT_Oda1302_QR.svg,Merit Royal Diamond 3.,3. KAT,1302,
Merit_Royal_Diamond_3._KAT_Oda1303_QR.svg,Merit Royal Diamond 3.,3. KAT,1303,
Merit_Royal_Diamond_3._KAT_Oda1304_QR.svg,Merit Royal Diamond 3.,3. KAT,1304,
Merit_Royal_Diamond_3._KAT_Oda1305_QR.svg,Merit Royal Diamond 3.,3. KAT,1305,
Merit_Royal_Diamond_3._KAT_Oda1306_QR.svg,Merit Royal Diamond 3.,3. KAT,1306,
Merit_Royal_Diamond_3._KAT_Oda1307_QR.svg,Merit Royal Diamond 3.,3. KAT,1307,
Merit_Royal_Diamond_3._KAT_Oda1308_QR.svg,Merit Royal Diamond 3.,3. KAT,1308,
Merit_Royal_Diamond_3._KAT_Oda1309_QR.svg,Merit Royal Diamond 3.,3. KAT,1309,
Merit_Royal_Diamond_3._KAT_Oda1310_QR.svg,Merit Royal Diamond 3.,3. KAT,1310,
Merit_Royal_Diamond_3._KAT_Oda1311_QR.svg,Merit Royal Diamond 3.,3. KAT,1311,
Merit_Royal_Diamond_3._KAT_Oda1312_QR.svg,Merit Royal Diamond 3.,3. KAT,1312,
Merit_Royal_Diamond_3._KAT_Oda1313_QR.svg,Merit Royal Diamond 3.,3. KAT,1313,
Merit_Royal_Diamond_3._KAT_Oda1314_QR.svg,Merit Royal Diamond 3.,3. KAT,1314,
Merit_Royal_Diamond_3._KAT_Oda1315_QR.svg,Merit Royal Diamond 3.,3. KAT,1315,
Merit_Royal_Diamond_3._KAT_Oda1316_QR.svg,Merit Royal Diamond 3.,3. KAT,1316,
Merit_Royal_Diamond_3._KAT_Oda1317_QR.svg,Merit Royal Diamond 3.,3. KAT,1317,
Merit_Royal_Diamond_3._KAT_Oda1318_QR.svg,Merit Royal Diamond 3.,3. KAT,1318,
Merit_Royal_Diamond_3._KAT_Oda1319_QR.svg,Merit Royal Diamond 3.,3. KAT,1319,
Merit_Royal_Diamond_3._KAT_Oda1320_QR.svg,Merit Royal Diamond 3.,3. KAT,1320,
Merit_Royal_Diamond_3._KAT_Oda1321_QR.svg,Merit Royal Diamond 3.,3. KAT,1321,
Merit_Royal_Diamond_3._KAT_Oda1322_QR.svg,Merit Royal Diamond 3.,3. KAT,1322,
Merit_Royal_Diamond_3._KAT_Oda1323_QR.svg,Merit Royal Diamond 3.,3. KAT,1323,
Merit_Royal_Diamond_3._KAT_Oda1324_QR.svg,Merit Royal Diamond 3.,3. KAT,1324,
Merit_Royal_Diamond_3._KAT_Oda1326_QR.svg,Merit Royal Diamond 3.,3. KAT,1326,
Merit_Royal_Diamond_3._KAT_Oda1328_QR.svg,Merit Royal Diamond 3.,3. KAT,1328,
Merit_Royal_Diamond_3._KAT_Oda1329_QR.svg,Merit Royal Diamond 3.,3. KAT,1329,
Merit_Royal_Diamond_3._KAT_Oda1330_QR.svg,Merit Royal Diamond 3.,3. KAT,1330,
Merit_Royal_Diamond_3._KAT_Oda1331_QR.svg,Merit Royal Diamond 3.,3. KAT,1331,
Merit_Royal_Diamond_3._KAT_Oda1333_QR.svg,Merit Royal Diamond 3.,3. KAT,1333,
Merit_Royal_Diamond_3._KAT_Oda1335_QR.svg,Merit Royal Diamond 3.,3. KAT,1335,
Merit_Royal_Diamond_3._KAT_Oda1336_QR.svg,Merit Royal Diamond 3.,3. KAT,1336,
Merit_Royal_Diamond_3._KAT_Oda1337_QR.svg,Merit Royal Diamond 3.,3. KAT,1337,
Merit_Royal_Diamond_3._KAT_Oda1338_QR.svg,Merit Royal Diamond 3.,3. KAT,1338,
Merit_Royal_Diamond_3._KAT_Oda1339_QR.svg,Merit Royal Diamond 3.,3. KAT,1339,
Merit_Royal_Diamond_3._KAT_Oda1340_QR.svg,Merit Royal Diamond 3.,3. KAT,1340,
Merit_Royal_Diamond_3._KAT_Oda1341_QR.svg,Merit Royal Diamond 3.,3. KAT,1341,
Merit_Royal_Diamond_3._KAT_Oda1342_QR.svg,Merit Royal Diamond 3.,3. KAT,1342,
Merit_Royal_Diamond_3._KAT_Oda1343_QR.svg,Merit Royal Diamond 3.,3. KAT,1343,
Merit_Royal_Diamond_3._KAT_Oda1345_QR.svg,Merit Royal Diamond 3.,3. KAT,1345,
Merit_Royal_Diamond_3._KAT_Oda1346_QR.svg,Merit Royal Diamond 3.,3. KAT,1346,
Merit_Royal_Diamond_3._KAT_Oda1347_QR.svg,Merit Royal Diamond 3.,3. KAT,1347,
Merit_Royal_Diamond_3._KAT_Oda1348_QR.svg,Merit Royal Diamond 3.,3. KAT,1348,
Merit_Royal_Diamond_3._KAT_Oda1349_QR.svg,Merit Royal Diamond 3.,3. KAT,1349,
Merit_Royal_Diamond_3._KAT_Oda1350_QR.svg,Merit Royal Diamond 3.,3. KAT,1350,
Merit_Royal_Diamond_3._KAT_Oda1351_QR.svg,Merit Royal Diamond 3.,3. KAT,1351,
Merit_Royal_Diamond_3._KAT_Oda1352_QR.svg,Merit Royal Diamond 3.,3. KAT,1352,
Merit_Royal_Diamond_3._KAT_Oda1353_QR.svg,Merit Royal Diamond 3.,3. KAT,1353,
Merit_Royal_Diamond_3._KAT_Oda1354_QR.svg,Merit Royal Diamond 3.,3. KAT,1354,
Merit_Royal_Diamond_3._KAT_Oda1355_QR.svg,Merit Royal Diamond 3.,3. KAT,1355,
Merit_Royal_Diamond_3._KAT_Oda1356_QR.svg,Merit Royal Diamond 3.,3. KAT,1356,
Merit_Royal_Diamond_3._KAT_Oda1357_QR.svg,Merit Royal Diamond 3.,3. KAT,1357,
Merit_Royal_Diamond_3._KAT_Oda1358_QR.svg,Merit Royal Diamond 3.,3. KAT,1358,
Merit_Royal_Diamond_3._KAT_Oda1359_QR.svg,Merit Royal Diamond 3.,3. KAT,1359,
Merit_Royal_Diamond_3._KAT_Oda1360_QR.svg,Merit Royal Diamond 3.,3. KAT,1360,
Merit_Royal_Diamond_3._KAT_Oda1361_QR.svg,Merit Royal Diamond 3.,3. KAT,1361,
Merit_Royal_Diamond_3._KAT_Oda1362_QR.svg,Merit Royal Diamond 3.,3. KAT,1362,
Merit_Royal_Diamond_4._KAT_Oda1401_QR.svg,Merit Royal Diamond 4.,4. KAT,1401,
Merit_Royal_Diamond_4._KAT_Oda1402_QR.svg,Merit Royal Diamond 4.,4. KAT,1402,
Merit_Royal_Diamond_4._KAT_Oda1403_QR.svg,Merit Royal Diamond 4.,4. KAT,1403,
Merit_Royal_Diamond_4._KAT_Oda1404_QR.svg,Merit Royal Diamond 4.,4. KAT,1404,
Merit_Royal_Diamond_4._KAT_Oda1405_QR.svg,Merit Royal Diamond 4.,4. KAT,1405,
Merit_Royal_Diamond_4._KAT_Oda1406_QR.svg,Merit Royal Diamond 4.,4. KAT,1406,
Merit_Royal_Diamond_4._KAT_Oda1407_QR.svg,Merit Royal Diamond 4.,4. KAT,1407,
Merit_Royal_Diamond_4._KAT_Oda1408_QR.svg,Merit Royal Diamond 4.,4. KAT,1408,
Merit_Royal_Diamond_4._KAT_Oda1409_QR.svg,Merit Royal Diamond 4.,4. KAT,1409,
Merit_Royal_Diamond_4._KAT_Oda1410_QR.svg,Merit Royal Diamond 4.,4. KAT,1410,
Merit_Royal_Diamond_4._KAT_Oda1411_QR.svg,Merit Royal Diamond 4.,4. KAT,1411,
Merit_Royal_Diamond_4._KAT_Oda1412_QR.svg,Merit Royal Diamond 4.,4. KAT,1412,
Merit_Royal_Diamond_4._KAT_Oda1413_QR.svg,Merit Royal Diamond 4.,4. KAT,1413,
Merit_Royal_Diamond_4._KAT_Oda1414_QR.svg,Merit Royal Diamond 4.,4. KAT,1414,
Merit_Royal_Diamond_4._KAT_Oda1415_QR.svg,Merit Royal Diamond 4.,4. KAT,1415,
Merit_Royal_Diamond_4._KAT_Oda1416_QR.svg,Merit Royal Diamond 4.,4. KAT,1416,
Merit_Royal_Diamond_4._KAT_Oda1417_QR.svg,Merit Royal Diamond 4.,4. KAT,1417,
Merit_Royal_Diamond_4._KAT_Oda1418_QR.svg,Merit Royal Diamond 4.,4. KAT,1418,
Merit_Royal_Diamond_4._KAT_Oda1419_QR.svg,Merit Royal Diamond 4.,4. KAT,1419,
Merit_Royal_Diamond_4._KAT_Oda1420_QR.svg,Merit Royal Diamond 4.,4. KAT,1420,
Merit_Royal_Diamond_4._KAT_Oda1421_QR.svg,Merit Royal Diamond 4.,4. KAT,1421,
Merit_Royal_Diamond_4._KAT_Oda1422_QR.svg,Merit Royal Diamond 4.,4. KAT,1422,
Merit_Royal_Diamond_4._KAT_Oda1423_QR.svg,Merit Royal Diamond 4.,4. KAT,1423,
Merit_Royal_Diamond_4._KAT_Oda1424_QR.svg,Merit Royal Diamond 4.,4. KAT,1424,
Merit_Royal_Diamond_4._KAT_Oda1426_QR.svg,Merit Royal Diamond 4.,4. KAT,1426,
Merit_Royal_Diamond_4._KAT_Oda1428_QR.svg,Merit Royal Diamond 4.,4. KAT,1428,
Merit_Royal_Diamond_4._KAT_Oda1429_QR.svg,Merit Royal Diamond 4.,4. KAT,1429,
Merit_Royal_Diamond_4._KAT_Oda1430_QR.svg,Merit Royal Diamond 4.,4. KAT,1430,
Merit_Royal_Diamond_4._KAT_Oda1431_QR.svg,Merit Royal Diamond 4.,4. KAT,1431,
Merit_Royal_Diamond_4._KAT_Oda1433_QR.svg,Merit Royal Diamond 4.,4. KAT,1433,
Merit_Royal_Diamond_4._KAT_Oda1435_QR.svg,Merit Royal Diamond 4.,4. KAT,1435,
Merit_Royal_Diamond_4._KAT_Oda1436_QR.svg,Merit Royal Diamond 4.,4. KAT,1436,
Merit_Royal_Diamond_4._KAT_Oda1437_QR.svg,Merit Royal Diamond 4.,4. KAT,1437,
Merit_Royal_Diamond_4._KAT_Oda1438_QR.svg,Merit Royal Diamond 4.,4. KAT,1438,
Merit_Royal_Diamond_4._KAT_Oda1439_QR.svg,Merit Royal Diamond 4.,4. KAT,1439,
Merit_Royal_Diamond_4._KAT_Oda1440_QR.svg,Merit Royal Diamond 4.,4. KAT,1440,
Merit_Royal_Diamond_4._KAT_Oda1441_QR.svg,Merit Royal Diamond 4.,4. KAT,1441,
Merit_Royal_Diamond_4._KAT_Oda1442_QR.svg,Merit Royal Diamond 4.,4. KAT,1442,
Merit_Royal_Diamond_4._KAT_Oda1443_QR.svg,Merit Royal Diamond 4.,4. KAT,1443,
Merit_Royal_Diamond_4._KAT_Oda1445_QR.svg,Merit Royal Diamond 4.,4. KAT,1445,
Merit_Royal_Diamond_4._KAT_Oda1446_QR.svg,Merit Royal Diamond 4.,4. KAT,1446,
Merit_Royal_Diamond_4._KAT_Oda1447_QR.svg,Merit Royal Diamond 4.,4. KAT,1447,
Merit_Royal_Diamond_4._KAT_Oda1448_QR.svg,Merit Royal Diamond 4.,4. KAT,1448,
Merit_Royal_Diamond_4._KAT_Oda1449_QR.svg,Merit Royal Diamond 4.,4. KAT,1449,
Merit_Royal_Diamond_4._KAT_Oda1450_QR.svg,Merit Royal Diamond 4.,4. KAT,1450,
Merit_Royal_Diamond_4._KAT_Oda1451_QR.svg,Merit Royal Diamond 4.,4. KAT,1451,
Merit_Royal_Diamond_4._KAT_Oda1452_QR.svg,Merit Royal Diamond 4.,4. KAT,1452,
Merit_Royal_Diamond_4._KAT_Oda1453_QR.svg,Merit Royal Diamond 4.,4. KAT,1453,
Merit_Royal_Diamond_4._KAT_Oda1454_QR.svg,Merit Royal Diamond 4.,4. KAT,1454,
Merit_Royal_Diamond_4._KAT_Oda1455_QR.svg,Merit Royal Diamond 4.,4. KAT,1455,
Merit_Royal_Diamond_4._KAT_Oda1456_QR.svg,Merit Royal Diamond 4.,4. KAT,1456,
Merit_Royal_Diamond_4._KAT_Oda1457_QR.svg,Merit Royal Diamond 4.,4. KAT,1457,
Merit_Royal_Diamond_4._KAT_Oda1458_QR.svg,Merit Royal Diamond 4.,4. KAT,1458,
Merit_Royal_Diamond_4._KAT_Oda1459_QR.svg,Merit Royal Diamond 4.,4. KAT,1459,
Merit_Royal_Diamond_4._KAT_Oda1460_QR.svg,Merit Royal Diamond 4.,4. KAT,1460,
Merit_Royal_Diamond_4._KAT_Oda1461_QR.svg,Merit Royal Diamond 4.,4. KAT,1461,
Merit_Royal_Diamond_4._KAT_Oda1462_QR.svg,Merit Royal Diamond 4.,4. KAT,1462,
Merit_Royal_Diamond_5._KAT_Oda1501_QR.svg,Merit Royal Diamond 5.,5. KAT,1501,
Merit_Royal_Diamond_5._KAT_Oda1502_QR.svg,Merit Royal Diamond 5.,5. KAT,1502,
Merit_Royal_Diamond_5._KAT_Oda1503_QR.svg,Merit Royal Diamond 5.,5. KAT,1503,
Merit_Royal_Diamond_5._KAT_Oda1504_QR.svg,Merit Royal Diamond 5.,5. KAT,1504,
Merit_Royal_Diamond_5._KAT_Oda1505_QR.svg,Merit Royal Diamond 5.,5. KAT,1505,
Merit_Royal_Diamond_5._KAT_Oda1506_QR.svg,Merit Royal Diamond 5.,5. KAT,1506,
Merit_Royal_Diamond_5._KAT_Oda1507_QR.svg,Merit Royal Diamond 5.,5. KAT,1507,
Merit_Royal_Diamond_5._KAT_Oda1508_QR.svg,Merit Royal Diamond 5.,5. KAT,1508,
Merit_Royal_Diamond_5._KAT_Oda1509_QR.svg,Merit Royal Diamond 5.,5. KAT,1509,
Merit_Royal_Diamond_5._KAT_Oda1510_QR.svg,Merit Royal Diamond 5.,5. KAT,1510,
Merit_Royal_Diamond_5._KAT_Oda1511_QR.svg,Merit Royal Diamond 5.,5. KAT,1511,
Merit_Royal_Diamond_5._KAT_Oda1512_QR.svg,Merit Royal Diamond 5.,5. KAT,1512,
Merit_Royal_Diamond_5._KAT_Oda1513_QR.svg,Merit Royal Diamond 5.,5. KAT,1513,
Merit_Royal_Diamond_5._KAT_Oda1514_QR.svg,Merit Royal Diamond 5.,5. KAT,1514,
Merit_Royal_Diamond_5._KAT_Oda1516_QR.svg,Merit Royal Diamond 5.,5. KAT,1516,
Merit_Royal_Diamond_5._KAT_Oda1517_QR.svg,Merit Royal Diamond 5.,5. KAT,1517,
Merit_Royal_Diamond_5._KAT_Oda1518_QR.svg,Merit Royal Diamond 5.,5. KAT,1518,
Merit_Royal_Diamond_5._KAT_Oda1519_QR.svg,Merit Royal Diamond 5.,5. KAT,1519,
Merit_Royal_Diamond_5._KAT_Oda1520_QR.svg,Merit Royal Diamond 5.,5. KAT,1520,
Merit_Royal_Diamond_5._KAT_Oda1521_QR.svg,Merit Royal Diamond 5.,5. KAT,1521,
Merit_Royal_Diamond_5._KAT_Oda1522_QR.svg,Merit Royal Diamond 5.,5. KAT,1522,
Merit_Royal_Diamond_5._KAT_Oda1523_QR.svg,Merit Royal Diamond 5.,5. KAT,1523,
Merit_Royal_Diamond_5._KAT_Oda1524_QR.svg,Merit Royal Diamond 5.,5. KAT,1524,
Merit_Royal_Diamond_5._KAT_Oda1525_QR.svg,Merit Royal Diamond 5.,5. KAT,1525,
Merit_Royal_Diamond_5._KAT_Oda1526_QR.svg,Merit Royal Diamond 5.,5. KAT,1526,
Merit_Royal_Diamond_5._KAT_Oda1527_QR.svg,Merit Royal Diamond 5.,5. KAT,1527,
Merit_Royal_Diamond_5._KAT_Oda1528_QR.svg,Merit Royal Diamond 5.,5. KAT,1528,
Merit_Royal_Diamond_5._KAT_Oda1529_QR.svg,Merit Royal Diamond 5.,5. KAT,1529,
Merit_Royal_Diamond_5._KAT_Oda1530_QR.svg,Merit Royal Diamond 5.,5. KAT,1530,
Merit_Royal_Diamond_5._KAT_Oda1531_QR.svg,Merit Royal Diamond 5.,5. KAT,1531,
Merit_Royal_Diamond_5._KAT_Oda1532_QR.svg,Merit Royal Diamond 5.,5. KAT,1532,
Merit_Royal_Diamond_5._KAT_Oda1533_QR.svg,Merit Royal Diamond 5.,5. KAT,1533,
Merit_Royal_Diamond_5._KAT_Oda1534_QR.svg,Merit Royal Diamond 5.,5. KAT,1534,
Merit_Royal_Diamond_5._KAT_Oda1536_QR.svg,Merit Royal Diamond 5.,5. KAT,1536,
Merit_Royal_Diamond_5._KAT_Oda1537_QR.svg,Merit Royal Diamond 5.,5. KAT,1537,
Merit_Royal_Diamond_5._KAT_Oda1538_QR.svg,Merit Royal Diamond 5.,5. KAT,1538,
Merit_Royal_Diamond_ASMA_KAT_Oda1164_QR.svg,Merit Royal Diamond ASMA,ASMA KAT,1164,
Merit_Royal_Diamond_ASMA_KAT_Oda1166_QR.svg,Merit Royal Diamond ASMA,ASMA KAT,1166,
Merit_Royal_Diamond_ASMA_KAT_Oda1168_QR.svg,Merit Royal Diamond ASMA,ASMA KAT,1168,
Merit_Royal_Diamond_ASMA_KAT_Oda1170_QR.svg,Merit Royal Diamond ASMA,ASMA KAT,1170,
Merit_Royal_Diamond_ASMA_KAT_Oda1172_QR.svg,Merit Royal Diamond ASMA,ASMA KAT,1172,
Merit_Royal_Diamond_ASMA_KAT_Oda1174_QR.svg,Merit Royal Diamond ASMA,ASMA KAT,1174,
Merit_Royal_Diamond_ASMA_KAT_Oda1176_QR.svg,Merit Royal Diamond ASMA,ASMA KAT,1176,
Merit_Royal_Diamond_ASMA_KAT_Oda1178_QR.svg,Merit Royal Diamond ASMA,ASMA KAT,1178,
Merit_Royal_Diamond_ASMA_KAT_Oda1180_QR.svg,Merit Royal Diamond ASMA,ASMA KAT,1180,
Merit_Royal_Diamond_ASMA_KAT_Oda1182_QR.svg,Merit Royal Diamond ASMA,ASMA KAT,1182,
Merit_Royal_Diamond_ASMA_KAT_Oda1184_QR.svg,Merit Royal Diamond ASMA,ASMA KAT,1184,
Merit_Royal_Hotel_1._KAT_Oda102_QR.svg,Merit Royal Hotel 1.,1. KAT,102,
Merit_Royal_Hotel_1._KAT_Oda103_QR.svg,Merit Royal Hotel 1.,1. KAT,103,
Merit_Royal_Hotel_1._KAT_Oda104_QR.svg,Merit Royal Hotel 1.,1. KAT,104,
Merit_Royal_Hotel_1._KAT_Oda105_QR.svg,Merit Royal Hotel 1.,1. KAT,105,
Merit_Royal_Hotel_1._KAT_Oda106_QR.svg,Merit Royal Hotel 1.,1. KAT,106,
Merit_Royal_Hotel_1._KAT_Oda107_QR.svg,Merit Royal Hotel 1.,1. KAT,107,
Merit_Royal_Hotel_1._KAT_Oda108_QR.svg,Merit Royal Hotel 1.,1. KAT,108,
Merit_Royal_Hotel_1._KAT_Oda109_QR.svg,Merit Royal Hotel 1.,1. KAT,109,
Merit_Royal_Hotel_1._KAT_Oda110_QR.svg,Merit Royal Hotel 1.,1. KAT,110,
Merit_Royal_Hotel_1._KAT_Oda113_QR.svg,Merit Royal Hotel 1.,1. KAT,113,
Merit_Royal_Hotel_1._KAT_Oda114_QR.svg,Merit Royal Hotel 1.,1. KAT,114,
Merit_Royal_Hotel_1._KAT_Oda117_QR.svg,Merit Royal Hotel 1.,1. KAT,117,
Merit_Royal_Hotel_1._KAT_Oda119_QR.svg,Merit Royal Hotel 1.,1. KAT,119,
Merit_Royal_Hotel_1._KAT_Oda120_QR.svg,Merit Royal Hotel 1.,1. KAT,120,
Merit_Royal_Hotel_1._KAT_Oda121_QR.svg,Merit Royal Hotel 1.,1. KAT,121,
Merit_Royal_Hotel_1._KAT_Oda122_QR.svg,Merit Royal Hotel 1.,1. KAT,122,
Merit_Royal_Hotel_1._KAT_Oda123_QR.svg,Merit Royal Hotel 1.,1. KAT,123,
Merit_Royal_Hotel_1._KAT_Oda124_QR.svg,Merit Royal Hotel 1.,1. KAT,124,
Merit_Royal_Hotel_1._KAT_Oda125_QR.svg,Merit Royal Hotel 1.,1. KAT,125,
Merit_Royal_Hotel_1._KAT_Oda126_QR.svg,Merit Royal Hotel 1.,1. KAT,126,
Merit_Royal_Hotel_1._KAT_Oda127_QR.svg,Merit Royal Hotel 1.,1. KAT,127,
Merit_Royal_Hotel_1._KAT_Oda128_QR.svg,Merit Royal Hotel 1.,1. KAT,128,
Merit_Royal_Hotel_1._KAT_Oda129_QR.svg,Merit Royal Hotel 1.,1. KAT,129,
Merit_Royal_Hotel_1._KAT_Oda130_QR.svg,Merit Royal Hotel 1.,1. KAT,130,
Merit_Royal_Hotel_1._KAT_Oda131_QR.svg,Merit Royal Hotel 1.,1. KAT,131,
Merit_Royal_Hotel_1._KAT_Oda132_QR.svg,Merit Royal Hotel 1.,1. KAT,132,
Merit_Royal_Hotel_1._KAT_Oda133_QR.svg,Merit Royal Hotel 1.,1. KAT,133,
Merit_Royal_Hotel_1._KAT_Oda134_QR.svg,Merit Royal Hotel 1.,1. KAT,134,
Merit_Royal_Hotel_1._KAT_Oda135_QR.svg,Merit Royal Hotel 1.,1. KAT,135,
Merit_Royal_Hotel_1._KAT_Oda136_QR.svg,Merit Royal Hotel 1.,1. KAT,136,
Merit_Royal_Hotel_1._KAT_Oda137_QR.svg,Merit Royal Hotel 1.,1. KAT,137,
Merit_Royal_Hotel_1._KAT_Oda138_QR.svg,Merit Royal Hotel 1.,1. KAT,138,
Merit_Royal_Hotel_1._KAT_Oda139_QR.svg,Merit Royal Hotel 1.,1. KAT,139,
Merit_Royal_Hotel_1._KAT_Oda140_QR.svg,Merit Royal Hotel 1.,1. KAT,140,
Merit_Royal_Hotel_1._KAT_Oda141_QR.svg,Merit Royal Hotel 1.,1. KAT,141,
Merit_Royal_Hotel_1._KAT_Oda142_QR.svg,Merit Royal Hotel 1.,1. KAT,142,
Merit_Royal_Hotel_2._KAT_Oda201_QR.svg,Merit Royal Hotel 2.,2. KAT,201,
Merit_Royal_Hotel_2._KAT_Oda202_QR.svg,Merit Royal Hotel 2.,2. KAT,202,
Merit_Royal_Hotel_2._KAT_Oda203_QR.svg,Merit Royal Hotel 2.,2. KAT,203,
Merit_Royal_Hotel_2._KAT_Oda204_QR.svg,Merit Royal Hotel 2.,2. KAT,204,
Merit_Royal_Hotel_2._KAT_Oda205_QR.svg,Merit Royal Hotel 2.,2. KAT,205,
Merit_Royal_Hotel_2._KAT_Oda206_QR.svg,Merit Royal Hotel 2.,2. KAT,206,
Merit_Royal_Hotel_2._KAT_Oda207_QR.svg,Merit Royal Hotel 2.,2. KAT,207,
Merit_Royal_Hotel_2._KAT_Oda208_QR.svg,Merit Royal Hotel 2.,2. KAT,208,
Merit_Royal_Hotel_2._KAT_Oda209_QR.svg,Merit Royal Hotel 2.,2. KAT,209,
Merit_Royal_Hotel_2._KAT_Oda210_QR.svg,Merit Royal Hotel 2.,2. KAT,210,
Merit_Royal_Hotel_2._KAT_Oda211_QR.svg,Merit Royal Hotel 2.,2. KAT,211,
Merit_Royal_Hotel_2._KAT_Oda212_QR.svg,Merit Royal Hotel 2.,2. KAT,212,
Merit_Royal_Hotel_2._KAT_Oda213_QR.svg,Merit Royal Hotel 2.,2. KAT,213,
Merit_Royal_Hotel_2._KAT_Oda214_QR.svg,Merit Royal Hotel 2.,2. KAT,214,
Merit_Royal_Hotel_2._KAT_Oda215_QR.svg,Merit Royal Hotel 2.,2. KAT,215,
Merit_Royal_Hotel_2._KAT_Oda216_QR.svg,Merit Royal Hotel 2.,2. KAT,216,
Merit_Royal_Hotel_2._KAT_Oda217_QR.svg,Merit Royal Hotel 2.,2. KAT,217,
Merit_Royal_Hotel_2._KAT_Oda218_QR.svg,Merit Royal Hotel 2.,2. KAT,218,
Merit_Royal_Hotel_2._KAT_Oda219_QR.svg,Merit Royal Hotel 2.,2. KAT,219,
Merit_Royal_Hotel_2._KAT_Oda220_QR.svg,Merit Royal Hotel 2.,2. KAT,220,
Merit_Royal_Hotel_2._KAT_Oda221_QR.svg,Merit Royal Hotel 2.,2. KAT,221,
Merit_Royal_Hotel_2._KAT_Oda222_QR.svg,Merit Royal Hotel 2.,2. KAT,222,
Merit_Royal_Hotel_2._KAT_Oda223_QR.svg,Merit Royal Hotel 2.,2. KAT,223,
Merit_Royal_Hotel_2._KAT_Oda224_QR.svg,Merit Royal Hotel 2.,2. KAT,224,
Merit_Royal_Hotel_2._KAT_Oda225_QR.svg,Merit Royal Hotel 2.,2. KAT,225,
Merit_Royal_Hotel_2._KAT_Oda226_QR.svg,Merit Royal Hotel 2.,2. KAT,226,
Merit_Royal_Hotel_2._KAT_Oda227_QR.svg,Merit Royal Hotel 2.,2. KAT,227,
Merit_Royal_Hotel_2._KAT_Oda228_QR.svg,Merit Royal Hotel 2.,2. KAT,228,
Merit_Royal_Hotel_2._KAT_Oda229_QR.svg,Merit Royal Hotel 2.,2. KAT,229,
Merit_Royal_Hotel_2._KAT_Oda230_QR.svg,Merit Royal Hotel 2.,2. KAT,230,
Merit_Royal_Hotel_2._KAT_Oda231_QR.svg,Merit Royal Hotel 2.,2. KAT,231,
Merit_Royal_Hotel_2._KAT_Oda232_QR.svg,Merit Royal Hotel 2.,2. KAT,232,
Merit_Royal_Hotel_2._KAT_Oda233_QR.svg,Merit Royal Hotel 2.,2. KAT,233,
Merit_Royal_Hotel_2._KAT_Oda234_QR.svg,Merit Royal Hotel 2.,2. KAT,234,
Merit_Royal_Hotel_2._KAT_Oda235_QR.svg,Merit Royal Hotel 2.,2. KAT,235,
Merit_Royal_Hotel_2._KAT_Oda236_QR.svg,Merit Royal Hotel 2.,2. KAT,236,
Merit_Royal_Hotel_2._KAT_Oda237_QR.svg,Merit Royal Hotel 2.,2. KAT,237,
Merit_Royal_Hotel_2._KAT_Oda238_QR.svg,Merit Royal Hotel 2.,2. KAT,238,
Merit_Royal_Hotel_2._KAT_Oda239_QR.svg,Merit Royal Hotel 2.,2. KAT,239,
Merit_Royal_Hotel_2._KAT_Oda240_QR.svg,Merit Royal Hotel 2.,2. KAT,240,
Merit_Royal_Hotel_2._KAT_Oda241_QR.svg,Merit Royal Hotel 2.,2. KAT,241,
Merit_Royal_Hotel_2._KAT_Oda242_QR.svg,Merit Royal Hotel 2.,2. KAT,242,
Merit_Royal_Hotel_2._KAT_Oda243_QR.svg,Merit Royal Hotel 2.,2. KAT,243,
Merit_Royal_Hotel_3._KAT_Oda302_QR.svg,Merit Royal Hotel 3.,3. KAT,302,
Merit_Royal_Hotel_3._KAT_Oda303_QR.svg,Merit Royal Hotel 3.,3. KAT,303,
Merit_Royal_Hotel_3._KAT_Oda305_QR.svg,Merit Royal Hotel 3.,3. KAT,305,
Merit_Royal_Hotel_3._KAT_Oda309_QR.svg,Merit Royal Hotel 3.,3. KAT,309,
Merit_Royal_Hotel_3._KAT_Oda313_QR.svg,Merit Royal Hotel 3.,3. KAT,313,
Merit_Royal_Hotel_3._KAT_Oda314_QR.svg,Merit Royal Hotel 3.,3. KAT,314,
Merit_Royal_Hotel_3._KAT_Oda317_QR.svg,Merit Royal Hotel 3.,3. KAT,317,
Merit_Royal_Hotel_3._KAT_Oda319_QR.svg,Merit Royal Hotel 3.,3. KAT,319,
Merit_Royal_Hotel_3._KAT_Oda320_QR.svg,Merit Royal Hotel 3.,3. KAT,320,
Merit_Royal_Hotel_3._KAT_Oda321_QR.svg,Merit Royal Hotel 3.,3. KAT,321,
Merit_Royal_Hotel_3._KAT_Oda323_QR.svg,Merit Royal Hotel 3.,3. KAT,323,
Merit_Royal_Hotel_3._KAT_Oda326_QR.svg,Merit Royal Hotel 3.,3. KAT,326,
Merit_Royal_Hotel_3._KAT_Oda327_QR.svg,Merit Royal Hotel 3.,3. KAT,327,
Merit_Royal_Hotel_3._KAT_Oda329_QR.svg,Merit Royal Hotel 3.,3. KAT,329,
Merit_Royal_Hotel_3._KAT_Oda330_QR.svg,Merit Royal Hotel 3.,3. KAT,330,
Merit_Royal_Hotel_3._KAT_Oda331_QR.svg,Merit Royal Hotel 3.,3. KAT,331,
Merit_Royal_Hotel_3._KAT_Oda333_QR.svg,Merit Royal Hotel 3.,3. KAT,333,
Merit_Royal_Hotel_3._KAT_Oda336_QR.svg,Merit Royal Hotel 3.,3. KAT,336,
Merit_Royal_Hotel_3._KAT_Oda338_QR.svg,Merit Royal Hotel 3.,3. KAT,338,
Merit_Royal_Hotel_3._KAT_Oda339_QR.svg,Merit Royal Hotel 3.,3. KAT,339,
Merit_Royal_Hotel_3._KAT_Oda340_QR.svg,Merit Royal Hotel 3.,3. KAT,340,
Merit_Royal_Hotel_3._KAT_Oda341_QR.svg,Merit Royal Hotel 3.,3. KAT,341,
Merit_Royal_Hotel_3._KAT_Oda342_QR.svg,Merit Royal Hotel 3.,3. KAT,342,
Merit_Royal_Hotel_4._KAT_Oda402_QR.svg,Merit Royal Hotel 4.,4. KAT,402,
Merit_Royal_Hotel_4._KAT_Oda403_QR.svg,Merit Royal Hotel 4.,4. KAT,403,
Merit_Royal_Hotel_4._KAT_Oda409_QR.svg,Merit Royal Hotel 4.,4. KAT,409,
Merit_Royal_Hotel_4._KAT_Oda419_QR.svg,Merit Royal Hotel 4.,4. KAT,419,
Merit_Royal_Hotel_4._KAT_Oda420_QR.svg,Merit Royal Hotel 4.,4. KAT,420,
Merit_Royal_Hotel_4._KAT_Oda421_QR.svg,Merit Royal Hotel 4.,4. KAT,421,
Merit_Royal_Hotel_4._KAT_Oda423_QR.svg,Merit Royal Hotel 4.,4. KAT,423,
Merit_Royal_Hotel_4._KAT_Oda426_QR.svg,Merit Royal Hotel 4.,4. KAT,426,
Merit_Royal_Hotel_4._KAT_Oda427_QR.svg,Merit Royal Hotel 4.,4. KAT,427,
Merit_Royal_Hotel_4._KAT_Oda430_QR.svg,Merit Royal Hotel 4.,4. KAT,430,
Merit_Royal_Hotel_4._KAT_Oda433_QR.svg,Merit Royal Hotel 4.,4. KAT,433,
Merit_Royal_Hotel_4._KAT_Oda436_QR.svg,Merit Royal Hotel 4.,4. KAT,436,
Merit_Royal_Hotel_4._KAT_Oda437_QR.svg,Merit Royal Hotel 4.,4. KAT,437,
Merit_Royal_Hotel_4._KAT_Oda439_QR.svg,Merit Royal Hotel 4.,4. KAT,439,
Merit_Royal_Hotel_4._KAT_Oda441_QR.svg,Merit Royal Hotel 4.,4. KAT,441,
Merit_Royal_Hotel_4._KAT_Oda442_QR.svg,Merit Royal Hotel 4.,4. KAT,442,
Merit_Royal_Hotel_5._KAT_Oda501_QR.svg,Merit Royal Hotel 5.,5. KAT,501,
Merit_Royal_Hotel_5._KAT_Oda502_QR.svg,Merit Royal Hotel 5.,5. KAT,502,
Merit_Royal_Hotel_5._KAT_Oda503_QR.svg,Merit Royal Hotel 5.,5. KAT,503,
Merit_Royal_Hotel_5._KAT_Oda504_QR.svg,Merit Royal Hotel 5.,5. KAT,504,
Merit_Royal_Hotel_5._KAT_Oda505_QR.svg,Merit Royal Hotel 5.,5. KAT,505,
Merit_Royal_Hotel_5._KAT_Oda506_QR.svg,Merit Royal Hotel 5.,5. KAT,506,
Merit_Royal_Hotel_5._KAT_Oda507_QR.svg,Merit Royal Hotel 5.,5. KAT,507,
Merit_Royal_Premium_1._KAT_Oda151_QR.svg,Merit Royal Premium 1.,1. KAT,151,
Merit_Royal_Premium_1._KAT_Oda152_QR.svg,Merit Royal Premium 1.,1. KAT,152,
Merit_Royal_Premium_1._KAT_Oda153_QR.svg,Merit Royal Premium 1.,1. KAT,153,
Merit_Royal_Premium_1._KAT_Oda154_QR.svg,Merit Royal Premium 1.,1. KAT,154,
Merit_Royal_Premium_1._KAT_Oda155_QR.svg,Merit Royal Premium 1.,1. KAT,155,
Merit_Royal_Premium_1._KAT_Oda156_QR.svg,Merit Royal Premium 1.,1. KAT,156,
Merit_Royal_Premium_1._KAT_Oda157_QR.svg,Merit Royal Premium 1.,1. KAT,157,
Merit_Royal_Premium_1._KAT_Oda158_QR.svg,Merit Royal Premium 1.,1. KAT,158,
Merit_Royal_Premium_1._KAT_Oda159_QR.svg,Merit Royal Premium 1.,1. KAT,159,
Merit_Royal_Premium_1._KAT_Oda160_QR.svg,Merit Royal Premium 1.,1. KAT,160,
Merit_Royal_Premium_1._KAT_Oda161_QR.svg,Merit Royal Premium 1.,1. KAT,161,
Merit_Royal_Premium_1._KAT_Oda162_QR.svg,Merit Royal Premium 1.,1. KAT,162,
Merit_Royal_Premium_1._KAT_Oda163_QR.svg,Merit Royal Premium 1.,1. KAT,163,
Merit_Royal_Premium_1._KAT_Oda164_QR.svg,Merit Royal Premium 1.,1. KAT,164,
Merit_Royal_Premium_1._KAT_Oda165_QR.svg,Merit Royal Premium 1.,1. KAT,165,
Merit_Royal_Premium_1._KAT_Oda166_QR.svg,Merit Royal Premium 1.,1. KAT,166,
Merit_Royal_Premium_1._KAT_Oda167_QR.svg,Merit Royal Premium 1.,1. KAT,167,
Merit_Royal_Premium_1._KAT_Oda168_QR.svg,Merit Royal Premium 1.,1. KAT,168,
Merit_Royal_Premium_1._KAT_Oda169_QR.svg,Merit Royal Premium 1.,1. KAT,169,
Merit_Royal_Premium_1._KAT_Oda170_QR.svg,Merit Royal Premium 1.,1. KAT,170,
Merit_Royal_Premium_1._KAT_Oda171_QR.svg,Merit Royal Premium 1.,1. KAT,171,
Merit_Royal_Premium_1._KAT_Oda172_QR.svg,Merit Royal Premium 1.,1. KAT,172,
Merit_Royal_Premium_1._KAT_Oda173_QR.svg,Merit Royal Premium 1.,1. KAT,173,
Merit_Royal_Premium_1._KAT_Oda174_QR.svg,Merit Royal Premium 1.,1. KAT,174,
Merit_Royal_Premium_1._KAT_Oda175_QR.svg,Merit Royal Premium 1.,1. KAT,175,
Merit_Royal_Premium_1._KAT_Oda176_QR.svg,Merit Royal Premium 1.,1. KAT,176,
Merit_Royal_Premium_1._KAT_Oda177_QR.svg,Merit Royal Premium 1.,1. KAT,177,
Merit_Royal_Premium_1._KAT_Oda178_QR.svg,Merit Royal Premium 1.,1. KAT,178,
Merit_Royal_Premium_1._KAT_Oda179_QR.svg,Merit Royal Premium 1.,1. KAT,179,
Merit_Royal_Premium_1._KAT_Oda180_QR.svg,Merit Royal Premium 1.,1. KAT,180,
Merit_Royal_Premium_1._KAT_Oda181_QR.svg,Merit Royal Premium 1.,1. KAT,181,
Merit_Royal_Premium_2._KAT_Oda251_QR.svg,Merit Royal Premium 2.,2. KAT,251,
Merit_Royal_Premium_2._KAT_Oda252_QR.svg,Merit Royal Premium 2.,2. KAT,252,
Merit_Royal_Premium_2._KAT_Oda253_QR.svg,Merit Royal Premium 2.,2. KAT,253,
Merit_Royal_Premium_2._KAT_Oda254_QR.svg,Merit Royal Premium 2.,2. KAT,254,
Merit_Royal_Premium_2._KAT_Oda255_QR.svg,Merit Royal Premium 2.,2. KAT,255,
Merit_Royal_Premium_2._KAT_Oda256_QR.svg,Merit Royal Premium 2.,2. KAT,256,
Merit_Royal_Premium_2._KAT_Oda257_QR.svg,Merit Royal Premium 2.,2. KAT,257,
Merit_Royal_Premium_2._KAT_Oda258_QR.svg,Merit Royal Premium 2.,2. KAT,258,
Merit_Royal_Premium_2._KAT_Oda259_QR.svg,Merit Royal Premium 2.,2. KAT,259,
Merit_Royal_Premium_2._KAT_Oda260_QR.svg,Merit Royal Premium 2.,2. KAT,260,
Merit_Royal_Premium_2._KAT_Oda261_QR.svg,Merit Royal Premium 2.,2. KAT,261,
Merit_Royal_Premium_2._KAT_Oda262_QR.svg,Merit Royal Premium 2.,2. KAT,262,
Merit_Royal_Premium_2._KAT_Oda263_QR.svg,Merit Royal Premium 2.,2. KAT,263,
Merit_Royal_Premium_2._KAT_Oda264_QR.svg,Merit Royal Premium 2.,2. KAT,264,
Merit_Royal_Premium_2._KAT_Oda265_QR.svg,Merit Royal Premium 2.,2. KAT,265,
Merit_Royal_Premium_2._KAT_Oda266_QR.svg,Merit Royal Premium 2.,2. KAT,266,
Merit_Royal_Premium_2._KAT_Oda267_QR.svg,Merit Royal Premium 2.,2. KAT,267,
Merit_Royal_Premium_2._KAT_Oda268_QR.svg,Merit Royal Premium 2.,2. KAT,268,
Merit_Royal_Premium_2._KAT_Oda269_QR.svg,Merit Royal Premium 2.,2. KAT,269,
Merit_Royal_Premium_2._KAT_Oda270_QR.svg,Merit Royal Premium 2.,2. KAT,270,
Merit_Royal_Premium_2._KAT_Oda271_QR.svg,Merit Royal Premium 2.,2. KAT,271,
Merit_Royal_Premium_2._KAT_Oda272_QR.svg,Merit Royal Premium 2.,2. KAT,272,
Merit_Royal_Premium_2._KAT_Oda273_QR.svg,Merit Royal Premium 2.,2. KAT,273,
Merit_Royal_Premium_2._KAT_Oda274_QR.svg,Merit Royal Premium 2.,2. KAT,274,
Merit_Royal_Premium_2._KAT_Oda275_QR.svg,Merit Royal Premium 2.,2. KAT,275,
Merit_Royal_Premium_2._KAT_Oda276_QR.svg,Merit Royal Premium 2.,2. KAT,276,
Merit_Royal_Premium_2._KAT_Oda277_QR.svg,Merit Royal Premium 2.,2. KAT,277,
Merit_Royal_Premium_2._KAT_Oda278_QR.svg,Merit Royal Premium 2.,2. KAT,278,
Merit_Royal_Premium_2._KAT_Oda279_QR.svg,Merit Royal Premium 2.,2. KAT,279,
Merit_Royal_Premium_2._KAT_Oda280_QR.svg,Merit Royal Premium 2.,2. KAT,280,
Merit_Royal_Premium_2._KAT_Oda281_QR.svg,Merit Royal Premium 2.,2. KAT,281,
Merit_Royal_Premium_3._KAT_Oda351_QR.svg,Merit Royal Premium 3.,3. KAT,351,
Merit_Royal_Premium_3._KAT_Oda352_QR.svg,Merit Royal Premium 3.,3. KAT,352,
Merit_Royal_Premium_3._KAT_Oda353_QR.svg,Merit Royal Premium 3.,3. KAT,353,
Merit_Royal_Premium_3._KAT_Oda354_QR.svg,Merit Royal Premium 3.,3. KAT,354,
Merit_Royal_Premium_3._KAT_Oda355_QR.svg,Merit Royal Premium 3.,3. KAT,355,
Merit_Royal_Premium_3._KAT_Oda356_QR.svg,Merit Royal Premium 3.,3. KAT,356,
Merit_Royal_Premium_3._KAT_Oda357_QR.svg,Merit Royal Premium 3.,3. KAT,357,
Merit_Royal_Premium_3._KAT_Oda358_QR.svg,Merit Royal Premium 3.,3. KAT,358,
Merit_Royal_Premium_3._KAT_Oda359_QR.svg,Merit Royal Premium 3.,3. KAT,359,
Merit_Royal_Premium_3._KAT_Oda360_QR.svg,Merit Royal Premium 3.,3. KAT,360,
Merit_Royal_Premium_3._KAT_Oda361_QR.svg,Merit Royal Premium 3.,3. KAT,361,
Merit_Royal_Premium_3._KAT_Oda362_QR.svg,Merit Royal Premium 3.,3. KAT,362,
Merit_Royal_Premium_3._KAT_Oda363_QR.svg,Merit Royal Premium 3.,3. KAT,363,
Merit_Royal_Premium_3._KAT_Oda365_QR.svg,Merit Royal Premium 3.,3. KAT,365,
Merit_Royal_Premium_3._KAT_Oda367_QR.svg,Merit Royal Premium 3.,3. KAT,367,
Merit_Royal_Premium_3._KAT_Oda369_QR.svg,Merit Royal Premium 3.,3. KAT,369,
Merit_Royal_Premium_3._KAT_Oda370_QR.svg,Merit Royal Premium 3.,3. KAT,370,
Merit_Royal_Premium_3._KAT_Oda371_QR.svg,Merit Royal Premium 3.,3. KAT,371,
Merit_Royal_Premium_3._KAT_Oda372_QR.svg,Merit Royal Premium 3.,3. KAT,372,
Merit_Royal_Premium_3._KAT_Oda373_QR.svg,Merit Royal Premium 3.,3. KAT,373,
Merit_Royal_Premium_3._KAT_Oda374_QR.svg,Merit Royal Premium 3.,3. KAT,374,
Merit_Royal_Premium_3._KAT_Oda375_QR.svg,Merit Royal Premium 3.,3. KAT,375,
Merit_Royal_Premium_3._KAT_Oda376_QR.svg,Merit Royal Premium 3.,3. KAT,376,
Merit_Royal_Premium_3._KAT_Oda377_QR.svg,Merit Royal Premium 3.,3. KAT,377,
Merit_Royal_Premium_3._KAT_Oda378_QR.svg,Merit Royal Premium 3.,3. KAT,378,
Merit_Royal_Premium_3._KAT_Oda379_QR.svg,Merit Royal Premium 3.,3. KAT,379,
Merit_Royal_Premium_3._KAT_Oda380_QR.svg,Merit Royal Premium 3.,3. KAT,380,
Merit_Royal_Premium_3._KAT_Oda381_QR.svg,Merit Royal Premium 3.,3. KAT,381,
Merit_Royal_Premium_4._KAT_Oda457_QR.svg,Merit Royal Premium 4.,4. KAT,457,
Merit_Royal_Premium_4._KAT_Oda458_QR.svg,Merit Royal Premium 4.,4. KAT,458,
Merit_Royal_Premium_4._KAT_Oda459_QR.svg,Merit Royal Premium 4.,4. KAT,459,
Merit_Royal_Premium_4._KAT_Oda460_QR.svg,Merit Royal Premium 4.,4. KAT,460,
Merit_Royal_Premium_4._KAT_Oda461_QR.svg,Merit Royal Premium 4.,4. KAT,461,
Merit_Royal_Premium_4._KAT_Oda462_QR.svg,Merit Royal Premium 4.,4. KAT,462,
Merit_Royal_Premium_4._KAT_Oda463_QR.svg,Merit Royal Premium 4.,4. KAT,463,
Merit_Royal_Premium_4._KAT_Oda465_QR.svg,Merit Royal Premium 4.,4. KAT,465,
Merit_Royal_Premium_4._KAT_Oda467_QR.svg,Merit Royal Premium 4.,4. KAT,467,
Merit_Royal_Premium_4._KAT_Oda469_QR.svg,Merit Royal Premium 4.,4. KAT,469,
Merit_Royal_Premium_4._KAT_Oda470_QR.svg,Merit Royal Premium 4.,4. KAT,470,
Merit_Royal_Premium_4._KAT_Oda471_QR.svg,Merit Royal Premium 4.,4. KAT,471,
Merit_Royal_Premium_4._KAT_Oda472_QR.svg,Merit Royal Premium 4.,4. KAT,472,
Merit_Royal_Premium_4._KAT_Oda473_QR.svg,Merit Royal Premium 4.,4. KAT,473,
Merit_Royal_Premium_4._KAT_Oda474_QR.svg,Merit Royal Premium 4.,4. KAT,474,
Merit_Royal_Premium_4._KAT_Oda475_QR.svg,Merit Royal Premium 4.,4. KAT,475,
Merit_Royal_Premium_5._KAT_Oda557_QR.svg,Merit Royal Premium 5.,5. KAT,557,
Merit_Royal_Premium_5._KAT_Oda558_QR.svg,Merit Royal Premium 5.,5. KAT,558,
Merit_Royal_Premium_5._KAT_Oda559_QR.svg,Merit Royal Premium 5.,5. KAT,559,
Merit_Royal_Premium_5._KAT_Oda560_QR.svg,Merit Royal Premium 5.,5. KAT,560,
Merit_Royal_Premium_5._KAT_Oda561_QR.svg,Merit Royal Premium 5.,5. KAT,561,
Merit_Royal_Premium_5._KAT_Oda562_QR.svg,Merit Royal Premium 5.,5. KAT,562,
Merit_Royal_Premium_5._KAT_Oda570_QR.svg,Merit Royal Premium 5.,5. KAT,570,
Merit_Royal_Premium_5._KAT_Oda571_QR.svg,Merit Royal Premium 5.,5. KAT,571,
Merit_Royal_Premium_5._KAT_Oda572_QR.svg,Merit Royal Premium 5.,5. KAT,572,
Merit_Royal_Premium_5._KAT_Oda573_QR.svg,Merit Royal Premium 5.,5. KAT,573,
Merit_Royal_Premium_5._KAT_Oda574_QR.svg,Merit Royal Premium 5.,5. KAT,574,
Merit_Royal_Premium_5._KAT_Oda575_QR.svg,Merit Royal Premium 5.,5. KAT,575,
Merit_Royal_Premium_ZEMIN_KAT_Oda182_QR.svg,Merit Royal Premium ZEMIN,ZEMIN KAT,182,
Merit_Royal_Premium_ZEMIN_KAT_Oda183_QR.svg,Merit Royal Premium ZEMIN,ZEMIN KAT,183,
Merit_Royal_Premium_ZEMIN_KAT_Oda184_QR.svg,Merit Royal Premium ZEMIN,ZEMIN KAT,184,
Merit_Royal_Premium_ZEMIN_KAT_Oda185_QR.svg,Merit Royal Premium ZEMIN,ZEMIN KAT,185,
Merit_Royal_Premium_ZEMIN_KAT_Oda186_QR.svg,Merit Royal Premium ZEMIN,ZEMIN KAT,186,
Merit_Royal_Premium_ZEMIN_KAT_Oda187_QR.svg,Merit Royal Premium ZEMIN,ZEMIN KAT,187,
Merit_Royal_Premium_ZEMIN_KAT_Oda189_QR.svg,Merit Royal Premium ZEMIN,ZEMIN KAT,189,
Merit_Royal_Premium_ZEMIN_KAT_Oda190_QR.svg,Merit Royal Premium ZEMIN,ZEMIN KAT,190,
Merit_Royal_Premium_ZEMIN_KAT_Oda191_QR.svg,Merit Royal Premium ZEMIN,ZEMIN KAT,191,
Merit_Royal_Premium_ZEMIN_KAT_Oda192_QR.svg,Merit Royal Premium ZEMIN,ZEMIN KAT,192,
Merit_Royal_Premium_ZEMIN_KAT_Oda193_QR.svg,Merit Royal Premium ZEMIN,ZEMIN KAT,193,
Merit_Royal_Premium_ZEMIN_KAT_Oda194_QR.svg,Merit Royal Premium ZEMIN,ZEMIN KAT,194,
